{"frames": [

{
	"filename": "instructions",
	"frame": {"x":2,"y":2,"w":512,"h":320},
	"rotated": false,
	"trimmed": false,
	"spriteSourceSize": {"x":0,"y":0,"w":512,"h":320},
	"sourceSize": {"w":512,"h":320},
	"pivot": {"x":0.5,"y":0.5}
},
{
	"filename": "lose.fw",
	"frame": {"x":2,"y":324,"w":512,"h":320},
	"rotated": false,
	"trimmed": false,
	"spriteSourceSize": {"x":0,"y":0,"w":512,"h":320},
	"sourceSize": {"w":512,"h":320},
	"pivot": {"x":0.5,"y":0.5}
},
{
	"filename": "lose",
	"frame": {"x":2,"y":646,"w":512,"h":320},
	"rotated": false,
	"trimmed": false,
	"spriteSourceSize": {"x":0,"y":0,"w":512,"h":320},
	"sourceSize": {"w":512,"h":320},
	"pivot": {"x":0.5,"y":0.5}
},
{
	"filename": "start",
	"frame": {"x":2,"y":968,"w":512,"h":320},
	"rotated": false,
	"trimmed": false,
	"spriteSourceSize": {"x":0,"y":0,"w":512,"h":320},
	"sourceSize": {"w":512,"h":320},
	"pivot": {"x":0.5,"y":0.5}
},
{
	"filename": "win",
	"frame": {"x":2,"y":1290,"w":512,"h":320},
	"rotated": false,
	"trimmed": false,
	"spriteSourceSize": {"x":0,"y":0,"w":512,"h":320},
	"sourceSize": {"w":512,"h":320},
	"pivot": {"x":0.5,"y":0.5}
}],
"meta": {
	"app": "http://www.codeandweb.com/texturepacker",
	"version": "1.0",
	"image": "splash.png",
	"format": "RGBA8888",
	"size": {"w":1024,"h":2048},
	"scale": "1",
	"smartupdate": "$TexturePacker:SmartUpdate:a4ba39ce8e6ab7a73a38592ebd08d3bb:18da288413e744c5baef44dc85d7bf02:17912d807795a397b5ccd2ab39a16cd0$"
}
}
