{"frames": [

{
	"filename": "box01_00",
	"frame": {"x":272,"y":88,"w":16,"h":32},
	"rotated": false,
	"trimmed": false,
	"spriteSourceSize": {"x":0,"y":0,"w":16,"h":32},
	"sourceSize": {"w":16,"h":32},
	"pivot": {"x":0.5,"y":0.5}
},
{
	"filename": "bubble_00",
	"frame": {"x":102,"y":2,"w":64,"h":32},
	"rotated": false,
	"trimmed": false,
	"spriteSourceSize": {"x":0,"y":0,"w":64,"h":32},
	"sourceSize": {"w":64,"h":32},
	"pivot": {"x":0.5,"y":0.5}
},
{
	"filename": "bubble_01",
	"frame": {"x":168,"y":2,"w":64,"h":32},
	"rotated": false,
	"trimmed": false,
	"spriteSourceSize": {"x":0,"y":0,"w":64,"h":32},
	"sourceSize": {"w":64,"h":32},
	"pivot": {"x":0.5,"y":0.5}
},
{
	"filename": "gate_00",
	"frame": {"x":2,"y":2,"w":48,"h":64},
	"rotated": false,
	"trimmed": false,
	"spriteSourceSize": {"x":0,"y":0,"w":48,"h":64},
	"sourceSize": {"w":48,"h":64},
	"pivot": {"x":0.5,"y":0.5}
},
{
	"filename": "gate_01",
	"frame": {"x":52,"y":2,"w":48,"h":64},
	"rotated": false,
	"trimmed": false,
	"spriteSourceSize": {"x":0,"y":0,"w":48,"h":64},
	"sourceSize": {"w":48,"h":64},
	"pivot": {"x":0.5,"y":0.5}
},
{
	"filename": "ghost01_00",
	"frame": {"x":290,"y":88,"w":16,"h":32},
	"rotated": false,
	"trimmed": false,
	"spriteSourceSize": {"x":0,"y":0,"w":16,"h":32},
	"sourceSize": {"w":16,"h":32},
	"pivot": {"x":0.5,"y":0.5}
},
{
	"filename": "highlight_00",
	"frame": {"x":2,"y":68,"w":256,"h":32},
	"rotated": false,
	"trimmed": false,
	"spriteSourceSize": {"x":0,"y":0,"w":256,"h":32},
	"sourceSize": {"w":256,"h":32},
	"pivot": {"x":0.5,"y":0.5}
},
{
	"filename": "human01_00",
	"frame": {"x":294,"y":54,"w":16,"h":32},
	"rotated": false,
	"trimmed": false,
	"spriteSourceSize": {"x":0,"y":0,"w":16,"h":32},
	"sourceSize": {"w":16,"h":32},
	"pivot": {"x":0.5,"y":0.5}
},
{
	"filename": "human01_01",
	"frame": {"x":302,"y":2,"w":16,"h":32},
	"rotated": false,
	"trimmed": false,
	"spriteSourceSize": {"x":0,"y":0,"w":16,"h":32},
	"sourceSize": {"w":16,"h":32},
	"pivot": {"x":0.5,"y":0.5}
},
{
	"filename": "human01_02",
	"frame": {"x":308,"y":88,"w":16,"h":32},
	"rotated": false,
	"trimmed": false,
	"spriteSourceSize": {"x":0,"y":0,"w":16,"h":32},
	"sourceSize": {"w":16,"h":32},
	"pivot": {"x":0.5,"y":0.5}
},
{
	"filename": "human01_03",
	"frame": {"x":312,"y":54,"w":16,"h":32},
	"rotated": false,
	"trimmed": false,
	"spriteSourceSize": {"x":0,"y":0,"w":16,"h":32},
	"sourceSize": {"w":16,"h":32},
	"pivot": {"x":0.5,"y":0.5}
},
{
	"filename": "human01_04",
	"frame": {"x":320,"y":2,"w":16,"h":32},
	"rotated": false,
	"trimmed": false,
	"spriteSourceSize": {"x":0,"y":0,"w":16,"h":32},
	"sourceSize": {"w":16,"h":32},
	"pivot": {"x":0.5,"y":0.5}
},
{
	"filename": "human01_05",
	"frame": {"x":326,"y":88,"w":16,"h":32},
	"rotated": false,
	"trimmed": false,
	"spriteSourceSize": {"x":0,"y":0,"w":16,"h":32},
	"sourceSize": {"w":16,"h":32},
	"pivot": {"x":0.5,"y":0.5}
},
{
	"filename": "human01_06",
	"frame": {"x":330,"y":54,"w":16,"h":32},
	"rotated": false,
	"trimmed": false,
	"spriteSourceSize": {"x":0,"y":0,"w":16,"h":32},
	"sourceSize": {"w":16,"h":32},
	"pivot": {"x":0.5,"y":0.5}
},
{
	"filename": "human01_07",
	"frame": {"x":338,"y":2,"w":16,"h":32},
	"rotated": false,
	"trimmed": false,
	"spriteSourceSize": {"x":0,"y":0,"w":16,"h":32},
	"sourceSize": {"w":16,"h":32},
	"pivot": {"x":0.5,"y":0.5}
},
{
	"filename": "icons_00",
	"frame": {"x":2,"y":102,"w":16,"h":16},
	"rotated": false,
	"trimmed": false,
	"spriteSourceSize": {"x":0,"y":0,"w":16,"h":16},
	"sourceSize": {"w":16,"h":16},
	"pivot": {"x":0.5,"y":0.5}
},
{
	"filename": "icons_01",
	"frame": {"x":20,"y":102,"w":16,"h":16},
	"rotated": false,
	"trimmed": false,
	"spriteSourceSize": {"x":0,"y":0,"w":16,"h":16},
	"sourceSize": {"w":16,"h":16},
	"pivot": {"x":0.5,"y":0.5}
},
{
	"filename": "icons_02",
	"frame": {"x":38,"y":102,"w":16,"h":16},
	"rotated": false,
	"trimmed": false,
	"spriteSourceSize": {"x":0,"y":0,"w":16,"h":16},
	"sourceSize": {"w":16,"h":16},
	"pivot": {"x":0.5,"y":0.5}
},
{
	"filename": "icons_03",
	"frame": {"x":56,"y":102,"w":16,"h":16},
	"rotated": false,
	"trimmed": false,
	"spriteSourceSize": {"x":0,"y":0,"w":16,"h":16},
	"sourceSize": {"w":16,"h":16},
	"pivot": {"x":0.5,"y":0.5}
},
{
	"filename": "icons_04",
	"frame": {"x":74,"y":102,"w":16,"h":16},
	"rotated": false,
	"trimmed": false,
	"spriteSourceSize": {"x":0,"y":0,"w":16,"h":16},
	"sourceSize": {"w":16,"h":16},
	"pivot": {"x":0.5,"y":0.5}
},
{
	"filename": "icons_desaturated_00",
	"frame": {"x":92,"y":102,"w":16,"h":16},
	"rotated": false,
	"trimmed": false,
	"spriteSourceSize": {"x":0,"y":0,"w":16,"h":16},
	"sourceSize": {"w":16,"h":16},
	"pivot": {"x":0.5,"y":0.5}
},
{
	"filename": "icons_desaturated_01",
	"frame": {"x":110,"y":102,"w":16,"h":16},
	"rotated": false,
	"trimmed": false,
	"spriteSourceSize": {"x":0,"y":0,"w":16,"h":16},
	"sourceSize": {"w":16,"h":16},
	"pivot": {"x":0.5,"y":0.5}
},
{
	"filename": "icons_desaturated_02",
	"frame": {"x":128,"y":102,"w":16,"h":16},
	"rotated": false,
	"trimmed": false,
	"spriteSourceSize": {"x":0,"y":0,"w":16,"h":16},
	"sourceSize": {"w":16,"h":16},
	"pivot": {"x":0.5,"y":0.5}
},
{
	"filename": "icons_desaturated_03",
	"frame": {"x":146,"y":102,"w":16,"h":16},
	"rotated": false,
	"trimmed": false,
	"spriteSourceSize": {"x":0,"y":0,"w":16,"h":16},
	"sourceSize": {"w":16,"h":16},
	"pivot": {"x":0.5,"y":0.5}
},
{
	"filename": "icons_desaturated_04",
	"frame": {"x":164,"y":102,"w":16,"h":16},
	"rotated": false,
	"trimmed": false,
	"spriteSourceSize": {"x":0,"y":0,"w":16,"h":16},
	"sourceSize": {"w":16,"h":16},
	"pivot": {"x":0.5,"y":0.5}
},
{
	"filename": "mouse_00",
	"frame": {"x":234,"y":2,"w":32,"h":32},
	"rotated": false,
	"trimmed": false,
	"spriteSourceSize": {"x":0,"y":0,"w":32,"h":32},
	"sourceSize": {"w":32,"h":32},
	"pivot": {"x":0.5,"y":0.5}
},
{
	"filename": "mouse_01",
	"frame": {"x":260,"y":54,"w":32,"h":32},
	"rotated": false,
	"trimmed": false,
	"spriteSourceSize": {"x":0,"y":0,"w":32,"h":32},
	"sourceSize": {"w":32,"h":32},
	"pivot": {"x":0.5,"y":0.5}
},
{
	"filename": "mouse_02",
	"frame": {"x":268,"y":2,"w":32,"h":32},
	"rotated": false,
	"trimmed": false,
	"spriteSourceSize": {"x":0,"y":0,"w":32,"h":32},
	"sourceSize": {"w":32,"h":32},
	"pivot": {"x":0.5,"y":0.5}
},
{
	"filename": "numbered_squares_00",
	"frame": {"x":182,"y":102,"w":16,"h":16},
	"rotated": false,
	"trimmed": false,
	"spriteSourceSize": {"x":0,"y":0,"w":16,"h":16},
	"sourceSize": {"w":16,"h":16},
	"pivot": {"x":0.5,"y":0.5}
},
{
	"filename": "numbered_squares_01",
	"frame": {"x":200,"y":102,"w":16,"h":16},
	"rotated": false,
	"trimmed": false,
	"spriteSourceSize": {"x":0,"y":0,"w":16,"h":16},
	"sourceSize": {"w":16,"h":16},
	"pivot": {"x":0.5,"y":0.5}
},
{
	"filename": "numbered_squares_02",
	"frame": {"x":218,"y":102,"w":16,"h":16},
	"rotated": false,
	"trimmed": false,
	"spriteSourceSize": {"x":0,"y":0,"w":16,"h":16},
	"sourceSize": {"w":16,"h":16},
	"pivot": {"x":0.5,"y":0.5}
},
{
	"filename": "numbered_squares_03",
	"frame": {"x":236,"y":102,"w":16,"h":16},
	"rotated": false,
	"trimmed": false,
	"spriteSourceSize": {"x":0,"y":0,"w":16,"h":16},
	"sourceSize": {"w":16,"h":16},
	"pivot": {"x":0.5,"y":0.5}
},
{
	"filename": "numbered_squares_04",
	"frame": {"x":254,"y":102,"w":16,"h":16},
	"rotated": false,
	"trimmed": false,
	"spriteSourceSize": {"x":0,"y":0,"w":16,"h":16},
	"sourceSize": {"w":16,"h":16},
	"pivot": {"x":0.5,"y":0.5}
},
{
	"filename": "numbered_squares_05",
	"frame": {"x":102,"y":36,"w":16,"h":16},
	"rotated": false,
	"trimmed": false,
	"spriteSourceSize": {"x":0,"y":0,"w":16,"h":16},
	"sourceSize": {"w":16,"h":16},
	"pivot": {"x":0.5,"y":0.5}
},
{
	"filename": "numbered_squares_06",
	"frame": {"x":120,"y":36,"w":16,"h":16},
	"rotated": false,
	"trimmed": false,
	"spriteSourceSize": {"x":0,"y":0,"w":16,"h":16},
	"sourceSize": {"w":16,"h":16},
	"pivot": {"x":0.5,"y":0.5}
},
{
	"filename": "numbered_squares_07",
	"frame": {"x":138,"y":36,"w":16,"h":16},
	"rotated": false,
	"trimmed": false,
	"spriteSourceSize": {"x":0,"y":0,"w":16,"h":16},
	"sourceSize": {"w":16,"h":16},
	"pivot": {"x":0.5,"y":0.5}
},
{
	"filename": "numbered_squares_08",
	"frame": {"x":156,"y":36,"w":16,"h":16},
	"rotated": false,
	"trimmed": false,
	"spriteSourceSize": {"x":0,"y":0,"w":16,"h":16},
	"sourceSize": {"w":16,"h":16},
	"pivot": {"x":0.5,"y":0.5}
},
{
	"filename": "numbered_squares_09",
	"frame": {"x":174,"y":36,"w":16,"h":16},
	"rotated": false,
	"trimmed": false,
	"spriteSourceSize": {"x":0,"y":0,"w":16,"h":16},
	"sourceSize": {"w":16,"h":16},
	"pivot": {"x":0.5,"y":0.5}
},
{
	"filename": "numbered_squares_10",
	"frame": {"x":192,"y":36,"w":16,"h":16},
	"rotated": false,
	"trimmed": false,
	"spriteSourceSize": {"x":0,"y":0,"w":16,"h":16},
	"sourceSize": {"w":16,"h":16},
	"pivot": {"x":0.5,"y":0.5}
},
{
	"filename": "numbered_squares_11",
	"frame": {"x":210,"y":36,"w":16,"h":16},
	"rotated": false,
	"trimmed": false,
	"spriteSourceSize": {"x":0,"y":0,"w":16,"h":16},
	"sourceSize": {"w":16,"h":16},
	"pivot": {"x":0.5,"y":0.5}
},
{
	"filename": "numbered_squares_12",
	"frame": {"x":228,"y":36,"w":16,"h":16},
	"rotated": false,
	"trimmed": false,
	"spriteSourceSize": {"x":0,"y":0,"w":16,"h":16},
	"sourceSize": {"w":16,"h":16},
	"pivot": {"x":0.5,"y":0.5}
},
{
	"filename": "numbered_squares_13",
	"frame": {"x":246,"y":36,"w":16,"h":16},
	"rotated": false,
	"trimmed": false,
	"spriteSourceSize": {"x":0,"y":0,"w":16,"h":16},
	"sourceSize": {"w":16,"h":16},
	"pivot": {"x":0.5,"y":0.5}
},
{
	"filename": "numbered_squares_14",
	"frame": {"x":264,"y":36,"w":16,"h":16},
	"rotated": false,
	"trimmed": false,
	"spriteSourceSize": {"x":0,"y":0,"w":16,"h":16},
	"sourceSize": {"w":16,"h":16},
	"pivot": {"x":0.5,"y":0.5}
},
{
	"filename": "numbered_squares_15",
	"frame": {"x":282,"y":36,"w":16,"h":16},
	"rotated": false,
	"trimmed": false,
	"spriteSourceSize": {"x":0,"y":0,"w":16,"h":16},
	"sourceSize": {"w":16,"h":16},
	"pivot": {"x":0.5,"y":0.5}
},
{
	"filename": "overlays_00",
	"frame": {"x":344,"y":88,"w":16,"h":32},
	"rotated": false,
	"trimmed": false,
	"spriteSourceSize": {"x":0,"y":0,"w":16,"h":32},
	"sourceSize": {"w":16,"h":32},
	"pivot": {"x":0.5,"y":0.5}
},
{
	"filename": "overlays_01",
	"frame": {"x":348,"y":54,"w":16,"h":32},
	"rotated": false,
	"trimmed": false,
	"spriteSourceSize": {"x":0,"y":0,"w":16,"h":32},
	"sourceSize": {"w":16,"h":32},
	"pivot": {"x":0.5,"y":0.5}
},
{
	"filename": "overlays_02",
	"frame": {"x":356,"y":2,"w":16,"h":32},
	"rotated": false,
	"trimmed": false,
	"spriteSourceSize": {"x":0,"y":0,"w":16,"h":32},
	"sourceSize": {"w":16,"h":32},
	"pivot": {"x":0.5,"y":0.5}
},
{
	"filename": "skeleton01_00",
	"frame": {"x":362,"y":88,"w":16,"h":32},
	"rotated": false,
	"trimmed": false,
	"spriteSourceSize": {"x":0,"y":0,"w":16,"h":32},
	"sourceSize": {"w":16,"h":32},
	"pivot": {"x":0.5,"y":0.5}
},
{
	"filename": "skeleton01_01",
	"frame": {"x":366,"y":54,"w":16,"h":32},
	"rotated": false,
	"trimmed": false,
	"spriteSourceSize": {"x":0,"y":0,"w":16,"h":32},
	"sourceSize": {"w":16,"h":32},
	"pivot": {"x":0.5,"y":0.5}
},
{
	"filename": "skeleton01_02",
	"frame": {"x":374,"y":2,"w":16,"h":32},
	"rotated": false,
	"trimmed": false,
	"spriteSourceSize": {"x":0,"y":0,"w":16,"h":32},
	"sourceSize": {"w":16,"h":32},
	"pivot": {"x":0.5,"y":0.5}
},
{
	"filename": "skeleton01_03",
	"frame": {"x":380,"y":88,"w":16,"h":32},
	"rotated": false,
	"trimmed": false,
	"spriteSourceSize": {"x":0,"y":0,"w":16,"h":32},
	"sourceSize": {"w":16,"h":32},
	"pivot": {"x":0.5,"y":0.5}
},
{
	"filename": "skeleton01_04",
	"frame": {"x":384,"y":54,"w":16,"h":32},
	"rotated": false,
	"trimmed": false,
	"spriteSourceSize": {"x":0,"y":0,"w":16,"h":32},
	"sourceSize": {"w":16,"h":32},
	"pivot": {"x":0.5,"y":0.5}
},
{
	"filename": "special_squares_00",
	"frame": {"x":300,"y":36,"w":16,"h":16},
	"rotated": false,
	"trimmed": false,
	"spriteSourceSize": {"x":0,"y":0,"w":16,"h":16},
	"sourceSize": {"w":16,"h":16},
	"pivot": {"x":0.5,"y":0.5}
},
{
	"filename": "special_squares_01",
	"frame": {"x":318,"y":36,"w":16,"h":16},
	"rotated": false,
	"trimmed": false,
	"spriteSourceSize": {"x":0,"y":0,"w":16,"h":16},
	"sourceSize": {"w":16,"h":16},
	"pivot": {"x":0.5,"y":0.5}
},
{
	"filename": "special_squares_02",
	"frame": {"x":336,"y":36,"w":16,"h":16},
	"rotated": false,
	"trimmed": false,
	"spriteSourceSize": {"x":0,"y":0,"w":16,"h":16},
	"sourceSize": {"w":16,"h":16},
	"pivot": {"x":0.5,"y":0.5}
},
{
	"filename": "special_squares_03",
	"frame": {"x":354,"y":36,"w":16,"h":16},
	"rotated": false,
	"trimmed": false,
	"spriteSourceSize": {"x":0,"y":0,"w":16,"h":16},
	"sourceSize": {"w":16,"h":16},
	"pivot": {"x":0.5,"y":0.5}
},
{
	"filename": "special_squares_04",
	"frame": {"x":372,"y":36,"w":16,"h":16},
	"rotated": false,
	"trimmed": false,
	"spriteSourceSize": {"x":0,"y":0,"w":16,"h":16},
	"sourceSize": {"w":16,"h":16},
	"pivot": {"x":0.5,"y":0.5}
},
{
	"filename": "spikes01_00",
	"frame": {"x":392,"y":2,"w":16,"h":32},
	"rotated": false,
	"trimmed": false,
	"spriteSourceSize": {"x":0,"y":0,"w":16,"h":32},
	"sourceSize": {"w":16,"h":32},
	"pivot": {"x":0.5,"y":0.5}
},
{
	"filename": "spikes01_01",
	"frame": {"x":398,"y":88,"w":16,"h":32},
	"rotated": false,
	"trimmed": false,
	"spriteSourceSize": {"x":0,"y":0,"w":16,"h":32},
	"sourceSize": {"w":16,"h":32},
	"pivot": {"x":0.5,"y":0.5}
},
{
	"filename": "spikes01_02",
	"frame": {"x":402,"y":54,"w":16,"h":32},
	"rotated": false,
	"trimmed": false,
	"spriteSourceSize": {"x":0,"y":0,"w":16,"h":32},
	"sourceSize": {"w":16,"h":32},
	"pivot": {"x":0.5,"y":0.5}
},
{
	"filename": "spikes01_03",
	"frame": {"x":416,"y":88,"w":16,"h":32},
	"rotated": false,
	"trimmed": false,
	"spriteSourceSize": {"x":0,"y":0,"w":16,"h":32},
	"sourceSize": {"w":16,"h":32},
	"pivot": {"x":0.5,"y":0.5}
},
{
	"filename": "spikes01_04",
	"frame": {"x":410,"y":2,"w":16,"h":32},
	"rotated": false,
	"trimmed": false,
	"spriteSourceSize": {"x":0,"y":0,"w":16,"h":32},
	"sourceSize": {"w":16,"h":32},
	"pivot": {"x":0.5,"y":0.5}
},
{
	"filename": "tiles_00",
	"frame": {"x":390,"y":36,"w":16,"h":16},
	"rotated": false,
	"trimmed": false,
	"spriteSourceSize": {"x":0,"y":0,"w":16,"h":16},
	"sourceSize": {"w":16,"h":16},
	"pivot": {"x":0.5,"y":0.5}
}],
"meta": {
	"app": "http://www.codeandweb.com/texturepacker",
	"version": "1.0",
	"image": "spritesheet.png",
	"format": "RGBA8888",
	"size": {"w":512,"h":128},
	"scale": "1",
	"smartupdate": "$TexturePacker:SmartUpdate:a7e780175809f8ea195a62c334ca9e0a:322067d705261847a0ddbb757f7dbd88:729adc6043343cfda41c447ce8f464d6$"
}
}
